vehicle_id,latitude,longitude,speed,cluster
V001,28.669586,77.20818,57.78,0
V001,28.650638,77.201995,25.65,1
V001,28.668925,77.209975,79.03,0
V001,28.649182,77.201411,30.26,1
V001,28.669772,77.211928,20.14,0
V001,28.650802,77.198617,64.02,1
V001,28.64816,77.200296,64.46,1
V001,28.649595,77.198231,27.84,1
V001,28.689403,77.188159,36.98,2
V001,28.650194,77.200657,28.47,1
V001,28.690532,77.19164,35.46,2
V001,28.671103,77.211041,40.45,0
V001,28.690457,77.189627,38.54,2
V001,28.69189,77.191936,51.98,2
V001,28.64911,77.200815,26.35,1
V001,28.670933,77.208941,52.35,0
V001,28.689566,77.190634,58.33,2
V001,28.670627,77.211927,45.48,0
V001,28.650338,77.200766,37.6,1
V001,28.648325,77.20026,20.1,1
V001,28.648844,77.198101,32.01,1
V001,28.649601,77.201688,37.85,1
V001,28.671124,77.208134,61.76,0
V001,28.64823,77.201457,32.58,1
V001,28.691264,77.191394,34.0,2
V001,28.671748,77.20957,68.8,0
V001,28.688737,77.191371,57.52,2
V001,28.691095,77.188558,72.56,2
V001,28.669913,77.209861,24.38,0
V001,28.668596,77.211973,45.17,0
V001,28.691767,77.189211,38.83,2
V001,28.650943,77.201335,46.42,1
V001,28.6489,77.198552,51.94,1
V001,28.651084,77.199069,25.41,1
V001,28.64917,77.200306,51.83,1
V001,28.64841,77.201106,35.87,1
V001,28.671268,77.211869,36.68,0
V001,28.651159,77.199893,29.13,1
V001,28.671849,77.209225,76.33,0
V001,28.691985,77.189237,49.34,2
V001,28.651396,77.199017,71.86,1
V001,28.691558,77.191154,76.36,2
V001,28.670254,77.208515,39.11,0
V001,28.648357,77.198108,30.77,1
V001,28.648352,77.199087,41.4,1
V001,28.649181,77.198792,33.89,1
V001,28.670838,77.210796,57.64,0
V001,28.691558,77.189199,41.64,2
V001,28.648972,77.198413,68.25,1
V001,28.649136,77.201403,74.74,1
V001,28.691253,77.189547,56.52,2
V001,28.649247,77.200968,62.86,1
V001,28.671283,77.208464,26.47,0
V001,28.648594,77.200473,49.91,1
V001,28.688054,77.18989,71.5,2
V001,28.670628,77.20931,54.49,0
V001,28.688646,77.188666,30.28,2
V001,28.650653,77.200303,46.78,1
V001,28.68821,77.191885,43.23,2
V001,28.691515,77.188003,52.44,2
V001,28.688865,77.190763,22.01,2
V001,28.650685,77.198912,55.92,1
V001,28.64853,77.199842,63.53,1
