vehicle_id,latitude,longitude,speed
V001,28.671019,77.203078,48.78
V001,28.686051,77.206387,64.69
V001,28.616263,77.29612,25.85
V001,28.669014,77.200597,52.05
V001,28.699361,77.232375,30.31
V001,28.66307,77.221306,25.77
V001,28.62762,77.28543,57.19
V001,28.631783,77.287764,69.68
V001,28.652891,77.273811,57.45
V001,28.66739,77.294519,36.76
V001,28.675474,77.128197,34.04
V001,28.620817,77.178426,71.46
V001,28.620188,77.230035,25.95
V001,28.679106,77.138682,64.14
V001,28.644308,77.182339,68.76
V001,28.623048,77.133586,65.34
V001,28.631691,77.183211,22.38
V001,28.666516,77.106981,70.38
V001,28.69298,77.207694,45.71
V001,28.672082,77.225193,28.94
V001,28.686687,77.114341,53.34
V001,28.680963,77.222621,76.74
V001,28.630638,77.299833,30.15
V001,28.667869,77.215811,51.83
V001,28.68896,77.278313,35.45
V001,28.684884,77.146851,74.8
V001,28.69807,77.230727,53.83
V001,28.605625,77.183384,26.74
V001,28.686572,77.186498,60.38
V001,28.699225,77.264457,36.1
V001,28.62339,77.184798,53.56
V001,28.669397,77.220516,56.71
V001,28.694219,77.26034,75.98
V001,28.649969,77.167892,27.06
V001,28.681717,77.166925,25.52
V001,28.668831,77.24219,54.4
V001,28.647528,77.129834,61.34
V001,28.68305,77.156684,43.43
V001,28.645971,77.112873,43.97
V001,28.669941,77.234567,65.56
V001,28.630919,77.152764,37.01
V001,28.654999,77.299085,41.68
V001,28.681532,77.263791,52.4
V001,28.670824,77.285588,44.4
V001,28.658458,77.220096,53.25
V001,28.687732,77.149274,31.96
V001,28.607899,77.140276,21.92
V001,28.695223,77.131708,67.64
V001,28.647517,77.258269,23.09
V001,28.658809,77.221331,45.05
V001,28.611925,77.157167,41.86
V001,28.696969,77.216002,49.29
V001,28.607917,77.287672,74.16
V001,28.683592,77.21267,70.37
V001,28.669225,77.28773,69.3
V001,28.672609,77.118681,60.03
V001,28.675192,77.17552,70.3
V001,28.604351,77.225782,59.95
V001,28.652259,77.110684,78.97
V001,28.601823,77.160524,74.87
V001,28.637148,77.267861,46.91
V001,28.681609,77.165057,52.19
V001,28.600984,77.129342,49.82
V001,28.662863,77.273293,47.43
V001,28.667754,77.118657,43.52
V001,28.680061,77.255533,55.98
V001,28.603542,77.1964,72.82
V001,28.675758,77.113878,67.0
V001,28.61515,77.285421,52.75
V001,28.633844,77.217005,38.86
V001,28.602113,77.22744,64.92
V001,28.665147,77.170674,37.3
V001,28.694788,77.132369,34.27
V001,28.698443,77.232923,63.35
V001,28.67507,77.102057,20.28
V001,28.680533,77.122128,71.92
V001,28.638679,77.277585,21.54
V001,28.675233,77.130319,34.53
V001,28.669586,77.20818,57.78
V001,28.650638,77.201995,25.65
V001,28.668925,77.209975,79.03
V001,28.649182,77.201411,30.26
V001,28.669772,77.211928,20.14
V001,28.650802,77.198617,64.02
V001,28.64816,77.200296,64.46
V001,28.649595,77.198231,27.84
V001,28.689403,77.188159,36.98
V001,28.650194,77.200657,28.47
V001,28.690532,77.19164,35.46
V001,28.671103,77.211041,40.45
V001,28.690457,77.189627,38.54
V001,28.69189,77.191936,51.98
V001,28.64911,77.200815,26.35
V001,28.670933,77.208941,52.35
V001,28.689566,77.190634,58.33
V001,28.670627,77.211927,45.48
V001,28.650338,77.200766,37.6
V001,28.648325,77.20026,20.1
V001,28.648844,77.198101,32.01
V001,28.649601,77.201688,37.85
V001,28.671124,77.208134,61.76
V001,28.64823,77.201457,32.58
V001,28.691264,77.191394,34.0
V001,28.671748,77.20957,68.8
V001,28.688737,77.191371,57.52
V001,28.691095,77.188558,72.56
V001,28.669913,77.209861,24.38
V001,28.668596,77.211973,45.17
V001,28.691767,77.189211,38.83
V001,28.650943,77.201335,46.42
V001,28.6489,77.198552,51.94
V001,28.651084,77.199069,25.41
V001,28.64917,77.200306,51.83
V001,28.64841,77.201106,35.87
V001,28.671268,77.211869,36.68
V001,28.651159,77.199893,29.13
V001,28.671849,77.209225,76.33
V001,28.691985,77.189237,49.34
V001,28.651396,77.199017,71.86
V001,28.691558,77.191154,76.36
V001,28.670254,77.208515,39.11
V001,28.648357,77.198108,30.77
V001,28.648352,77.199087,41.4
V001,28.649181,77.198792,33.89
V001,28.670838,77.210796,57.64
V001,28.691558,77.189199,41.64
V001,28.648972,77.198413,68.25
V001,28.649136,77.201403,74.74
V001,28.691253,77.189547,56.52
V001,28.649247,77.200968,62.86
V001,28.671283,77.208464,26.47
V001,28.648594,77.200473,49.91
V001,28.688054,77.18989,71.5
V001,28.670628,77.20931,54.49
V001,28.688646,77.188666,30.28
V001,28.650653,77.200303,46.78
V001,28.68821,77.191885,43.23
V001,28.691515,77.188003,52.44
V001,28.688865,77.190763,22.01
V001,28.650685,77.198912,55.92
V001,28.64853,77.199842,63.53
